{
  "id": 1,
  "version": 0,
  "name": "update_test",
  "activity": "",
  "app_name": "test",
  "online_time": "2024-11-10 00:00:00",
  "offline_time": "2024-11-30 10:00:00",
  "top_background": "top_background.png",
  "app_printing": "app_printing.png",
  "bottom_background_dark": [
    "#18181F",
    "#18181F"
  ],
  "bottom_background_light": [
    "#FFFFFF",
    "#FFFFFF"
  ],
  "bottom_printing": "bottom_printing.png",
  "room_icon": "room_icon.png",
  "room_icon_dynamic": "room_icon_dynamic.pag",
  "room_icon_quit_dynamic": "room_icon_quit_dynamic.pag",
  "discover_icon": "discover_icon.png",
  "discover_icon_dynamic": "discover_icon_dynamic.pag",
  "discover_icon_quit_dynamic": "discover_icon_quit_dynamic.pag",
  "chat_icon": "chat_icon.png",
  "chat_icon_dynamic": "chat_icon_dynamic.pag",
  "chat_icon_quit_dynamic": "chat_icon_quit_dynamic.pag",
  "homepage_icon": "homepage_icon.png",
  "homepage_icon_dynamic": "homepage_icon_dynamic.pag",
  "homepage_icon_quit_dynamic": "homepage_icon_quit_dynamic.pag",
  "refresh_icon": "refresh_icon.png"
}